item_id,order_id,product_id,quantity,unit_price,discount_percent
ITEM00001,ORD0181,PROD0286,2,3331.46,47
ITEM00002,ORD0439,PROD0106,1,468.21,31
ITEM00004,ORD0420,PROD0198,2,2489.46,21
ITEM00005,ORD0107,PROD0417,5,3831.85,32
ITEM00006,ORD0440,PROD0161,3,3571.71,41
ITEM00007,ORD0079,PROD0435,5,617.74,8
ITEM00008,ORD0113,PROD0470,3,1989.32,28
ITEM00009,ORD0445,PROD0318,5,1094.8,25
ITEM00010,ORD0097,PROD0036,3,2173.16,43
ITEM00013,ORD0009,PROD0458,4,1016.45,1
ITEM00014,ORD0244,PROD0339,5,2317.94,16
ITEM00015,ORD0061,PROD0475,5,511.93,27
ITEM00016,ORD0109,PROD0078,4,2560.73,32
ITEM00017,ORD0171,PROD0028,4,1435.69,6
ITEM00018,ORD0026,PROD0333,4,3686.81,27
ITEM00019,ORD0100,PROD0151,2,2073.19,38
ITEM00020,ORD0142,PROD0272,5,2518.72,27
ITEM00021,ORD0056,PROD0349,1,3267.09,7
ITEM00022,ORD0113,PROD0059,1,4485.79,36
ITEM00023,ORD0137,PROD0123,1,2707.45,17
ITEM00024,ORD0116,PROD0452,5,3527.61,25
ITEM00025,ORD0201,PROD0202,1,1177.45,44
ITEM00026,ORD0138,PROD0254,2,938.04,13
ITEM00027,ORD0178,PROD0327,3,3558.68,18
ITEM00028,ORD0376,PROD0002,1,1006.89,44
ITEM00029,ORD0319,PROD0245,3,4277.56,44
ITEM00030,ORD0123,PROD0088,3,3439.07,10
ITEM00031,ORD0096,PROD0171,4,794.98,0
ITEM00033,ORD0499,PROD0136,1,936.55,48
ITEM00034,ORD0437,PROD0005,5,1825.5,30
ITEM00037,ORD0428,PROD0117,5,2565.42,48
ITEM00039,ORD0172,PROD0232,4,3700.59,34
ITEM00041,ORD0007,PROD0424,3,1575.56,21
ITEM00042,ORD0457,PROD0266,5,2473.34,17
ITEM00045,ORD0126,PROD0296,4,1861.16,47
ITEM00046,ORD0046,PROD0100,4,3229.8,17
ITEM00047,ORD0450,PROD0321,5,4506.18,28
ITEM00049,ORD0179,PROD0455,3,2016.03,26
ITEM00050,ORD0484,PROD0142,3,1033.81,37
ITEM00053,ORD0406,PROD0178,3,639.93,0
ITEM00054,ORD0256,PROD0475,2,2384.96,9
ITEM00055,ORD0268,PROD0495,3,3156.6,42
ITEM00056,ORD0084,PROD0156,4,1512.47,18
ITEM00058,ORD0064,PROD0028,4,1598.53,27
ITEM00059,ORD0181,PROD0339,1,344.52,8
ITEM00060,ORD0180,PROD0450,3,3947.79,32
ITEM00061,ORD0341,PROD0491,5,859.68,5
ITEM00062,ORD0366,PROD0139,2,4979.98,12
ITEM00063,ORD0222,PROD0300,1,1524.93,2
ITEM00065,ORD0327,PROD0198,4,2055.66,6
ITEM00066,ORD0458,PROD0134,3,3025.49,11
ITEM00067,ORD0289,PROD0224,3,4041.46,8
ITEM00068,ORD0350,PROD0394,2,1325.1,26
ITEM00069,ORD0284,PROD0103,3,1594.48,19
ITEM00070,ORD0291,PROD0475,4,2774.57,24
ITEM00073,ORD0365,PROD0184,4,1835.55,29
ITEM00074,ORD0216,PROD0493,4,2360.29,35
ITEM00075,ORD0014,PROD0491,4,533.3,8
ITEM00076,ORD0315,PROD0465,3,3954.5,37
ITEM00078,ORD0450,PROD0151,1,3801.14,25
ITEM00079,ORD0065,PROD0207,1,2367.76,48
ITEM00080,ORD0448,PROD0266,4,4212.07,5
ITEM00081,ORD0029,PROD0139,1,1734.07,6
ITEM00082,ORD0421,PROD0149,5,2459.19,21
ITEM00083,ORD0443,PROD0032,1,3728.32,43
ITEM00084,ORD0262,PROD0379,1,3537.71,33
ITEM00086,ORD0328,PROD0437,2,1574.37,19
ITEM00089,ORD0310,PROD0451,1,2647.13,15
ITEM00091,ORD0228,PROD0201,1,4637.62,19
ITEM00092,ORD0208,PROD0248,2,4119.33,34
ITEM00093,ORD0134,PROD0421,5,3438.47,42
ITEM00094,ORD0316,PROD0064,4,816.61,1
ITEM00095,ORD0095,PROD0073,2,936.8,47
ITEM00096,ORD0359,PROD0280,2,2433.18,18
ITEM00097,ORD0149,PROD0342,1,4799.55,31
ITEM00098,ORD0189,PROD0342,3,2016.83,44
ITEM00099,ORD0410,PROD0055,4,2142.79,27
ITEM00101,ORD0200,PROD0006,5,1583.53,41
ITEM00102,ORD0334,PROD0458,5,2277.95,22
ITEM00103,ORD0493,PROD0072,4,4423.88,29
ITEM00104,ORD0142,PROD0005,2,1852.96,32
ITEM00105,ORD0108,PROD0179,5,2014.06,4
ITEM00106,ORD0090,PROD0336,2,1824.15,46
ITEM00107,ORD0289,PROD0174,4,3604.39,50
ITEM00108,ORD0072,PROD0143,3,4625.04,4
ITEM00109,ORD0470,PROD0430,4,1944.96,30
ITEM00111,ORD0398,PROD0338,5,1370.21,44
ITEM00112,ORD0166,PROD0302,5,1805.67,39
ITEM00114,ORD0082,PROD0119,1,3359.78,31
ITEM00115,ORD0479,PROD0348,4,1685.93,14
ITEM00116,ORD0396,PROD0414,2,616.62,11
ITEM00117,ORD0373,PROD0457,4,3803.49,26
ITEM00118,ORD0473,PROD0033,1,3098.33,7
ITEM00119,ORD0020,PROD0434,1,2263.49,23
ITEM00121,ORD0056,PROD0358,4,1950.38,40
ITEM00122,ORD0294,PROD0285,2,1059.02,31
ITEM00123,ORD0225,PROD0348,3,1204.93,47
ITEM00124,ORD0083,PROD0223,5,4062.49,12
ITEM00125,ORD0045,PROD0299,1,3182.67,42
ITEM00127,ORD0185,PROD0397,4,2884.65,4
ITEM00128,ORD0175,PROD0095,5,2531.26,13
ITEM00129,ORD0293,PROD0424,4,2554.17,22
ITEM00131,ORD0225,PROD0219,4,4382.49,36
ITEM00133,ORD0256,PROD0119,1,3047.3,21
ITEM00134,ORD0012,PROD0115,3,4619.14,16
ITEM00135,ORD0200,PROD0361,3,432.97,10
ITEM00137,ORD0437,PROD0266,5,2550.23,25
ITEM00139,ORD0299,PROD0242,3,3300.84,2
ITEM00140,ORD0174,PROD0216,3,1082.51,48
ITEM00142,ORD0169,PROD0474,1,1254.52,4
ITEM00143,ORD0413,PROD0486,5,4531.19,44
ITEM00144,ORD0428,PROD0392,1,1794.64,4
ITEM00145,ORD0487,PROD0214,5,3722.52,5
ITEM00146,ORD0455,PROD0283,4,4738.34,17
ITEM00147,ORD0371,PROD0022,1,274.44,32
ITEM00148,ORD0116,PROD0333,3,2214.43,19
ITEM00149,ORD0401,PROD0436,2,205.07,3
ITEM00150,ORD0014,PROD0397,2,2717.51,24
ITEM00151,ORD0350,PROD0351,1,2807.23,3
ITEM00152,ORD0199,PROD0393,4,3507.66,27
ITEM00153,ORD0360,PROD0219,5,775.08,28
ITEM00154,ORD0061,PROD0460,5,4914.42,23
ITEM00155,ORD0181,PROD0100,3,2238.97,3
ITEM00156,ORD0122,PROD0119,1,2984.23,14
ITEM00157,ORD0212,PROD0383,5,2883.44,0
ITEM00158,ORD0448,PROD0369,2,4081.85,4
ITEM00159,ORD0030,PROD0065,4,984.91,2
ITEM00160,ORD0161,PROD0180,5,3310.52,15
ITEM00161,ORD0150,PROD0067,5,2049.31,42
ITEM00162,ORD0063,PROD0337,1,474.25,34
ITEM00163,ORD0106,PROD0254,3,4498.44,14
ITEM00164,ORD0228,PROD0366,3,4712.99,49
ITEM00166,ORD0164,PROD0358,5,2566.88,3
ITEM00167,ORD0178,PROD0462,4,3556.96,39
ITEM00168,ORD0249,PROD0144,1,1097.42,8
ITEM00169,ORD0431,PROD0500,5,1229.63,47
ITEM00170,ORD0284,PROD0108,1,1924.71,50
ITEM00171,ORD0073,PROD0019,2,3521.88,41
ITEM00172,ORD0392,PROD0233,1,204.32,2
ITEM00173,ORD0139,PROD0143,5,1982.47,5
ITEM00175,ORD0442,PROD0196,4,2275.7,14
ITEM00176,ORD0106,PROD0195,2,3333.64,34
ITEM00177,ORD0027,PROD0339,3,253.4,48
ITEM00178,ORD0179,PROD0480,1,4559.26,48
ITEM00179,ORD0458,PROD0173,3,4070.19,37
ITEM00180,ORD0111,PROD0388,1,1770.63,39
ITEM00182,ORD0386,PROD0030,1,2811.14,46
ITEM00183,ORD0478,PROD0348,3,4306.72,34
ITEM00184,ORD0238,PROD0218,5,3624.18,49
ITEM00185,ORD0266,PROD0134,2,4805.49,29
ITEM00186,ORD0382,PROD0474,2,746.18,0
ITEM00187,ORD0144,PROD0410,3,519.13,15
ITEM00189,ORD0020,PROD0316,3,1872.3,42
ITEM00190,ORD0129,PROD0401,5,160.46,19
ITEM00191,ORD0292,PROD0339,3,4196.4,11
ITEM00192,ORD0228,PROD0237,1,2255.56,29
ITEM00193,ORD0019,PROD0495,3,2453.02,35
ITEM00194,ORD0112,PROD0210,1,2939.89,5
ITEM00195,ORD0142,PROD0460,5,2802.09,4
ITEM00196,ORD0226,PROD0093,3,3853.29,17
ITEM00197,ORD0133,PROD0445,4,723.39,40
ITEM00198,ORD0090,PROD0076,5,3314.29,14
ITEM00199,ORD0059,PROD0336,1,1002.85,32
ITEM00200,ORD0441,PROD0226,5,1654.94,35
ITEM00201,ORD0368,PROD0117,1,4763.35,16
ITEM00202,ORD0500,PROD0132,1,3424.1,22
ITEM00203,ORD0277,PROD0368,1,3042.84,22
ITEM00204,ORD0056,PROD0040,5,2274.68,32
ITEM00205,ORD0040,PROD0122,2,1696.37,23
ITEM00208,ORD0404,PROD0185,3,4877.98,41
ITEM00209,ORD0192,PROD0241,3,3147.39,10
ITEM00210,ORD0189,PROD0023,3,4658.51,37
ITEM00211,ORD0014,PROD0055,5,1136.25,20
ITEM00212,ORD0262,PROD0367,5,3938.99,45
ITEM00214,ORD0017,PROD0337,2,1967.34,41
ITEM00216,ORD0290,PROD0258,5,3188.59,46
ITEM00217,ORD0215,PROD0276,1,4253.22,33
ITEM00220,ORD0151,PROD0467,2,1710.55,49
ITEM00222,ORD0355,PROD0124,4,3690.71,26
ITEM00223,ORD0186,PROD0041,3,2846.24,4
ITEM00224,ORD0469,PROD0186,4,3065.57,28
ITEM00225,ORD0403,PROD0215,2,2889.78,8
ITEM00226,ORD0474,PROD0276,2,3904.6,26
ITEM00227,ORD0346,PROD0300,2,3067.17,50
ITEM00228,ORD0147,PROD0175,3,678.02,26
ITEM00229,ORD0216,PROD0259,2,2922.46,40
ITEM00230,ORD0452,PROD0396,2,4509.38,29
ITEM00231,ORD0008,PROD0086,1,2151.27,48
ITEM00232,ORD0284,PROD0365,4,3739.98,8
ITEM00233,ORD0446,PROD0018,4,217.26,10
ITEM00234,ORD0038,PROD0068,5,4347.71,24
ITEM00235,ORD0463,PROD0217,3,724.52,44
ITEM00236,ORD0286,PROD0124,3,683.25,21
ITEM00237,ORD0303,PROD0312,5,628.08,46
ITEM00238,ORD0024,PROD0038,3,4754.6,26
ITEM00239,ORD0323,PROD0231,4,1517.53,30
ITEM00240,ORD0359,PROD0069,2,3646.17,37
ITEM00241,ORD0470,PROD0420,5,510.57,0
ITEM00242,ORD0304,PROD0304,3,3402.14,29
ITEM00244,ORD0302,PROD0144,1,1238.09,31
ITEM00245,ORD0175,PROD0025,5,2636.62,33
ITEM00246,ORD0297,PROD0261,4,1497.76,24
ITEM00247,ORD0164,PROD0388,2,4772.22,2
ITEM00248,ORD0417,PROD0484,2,2209.63,17
ITEM00249,ORD0295,PROD0451,5,1640.4,22
ITEM00250,ORD0146,PROD0085,1,1510.43,31
ITEM00251,ORD0225,PROD0115,2,1513.55,16
ITEM00253,ORD0143,PROD0073,1,1113.53,32
ITEM00254,ORD0387,PROD0087,1,3032.12,2
ITEM00256,ORD0004,PROD0251,1,1910.75,18
ITEM00257,ORD0483,PROD0486,5,2189.86,28
ITEM00259,ORD0367,PROD0362,1,2277.58,27
ITEM00262,ORD0382,PROD0407,2,3664.07,20
ITEM00263,ORD0081,PROD0260,3,1452.93,40
ITEM00264,ORD0377,PROD0263,1,3563.37,20
ITEM00265,ORD0457,PROD0474,1,2223.55,45
ITEM00267,ORD0339,PROD0429,1,4750.99,40
ITEM00269,ORD0345,PROD0101,3,2403.57,31
ITEM00270,ORD0417,PROD0096,4,1484.74,12
ITEM00271,ORD0326,PROD0449,1,4759.08,46
ITEM00272,ORD0384,PROD0110,1,2228.16,31
ITEM00273,ORD0286,PROD0313,2,3578.95,2
ITEM00275,ORD0299,PROD0121,3,2472.74,42
ITEM00276,ORD0489,PROD0093,3,4219.39,18
ITEM00277,ORD0343,PROD0249,4,4004.06,25
ITEM00278,ORD0307,PROD0183,5,2456.7,6
ITEM00280,ORD0167,PROD0127,4,667.51,29
ITEM00281,ORD0490,PROD0164,1,1803.14,25
ITEM00282,ORD0361,PROD0066,4,4216.59,31
ITEM00283,ORD0308,PROD0211,2,241.92,17
ITEM00284,ORD0260,PROD0111,4,397.94,49
ITEM00285,ORD0166,PROD0134,3,2115.02,28
ITEM00286,ORD0218,PROD0205,3,4570.61,17
ITEM00287,ORD0249,PROD0373,2,1765.22,2
ITEM00289,ORD0275,PROD0106,1,4744.6,39
ITEM00290,ORD0313,PROD0169,2,3064.31,1
ITEM00291,ORD0487,PROD0370,1,4031.82,5
ITEM00292,ORD0400,PROD0361,3,4569.92,49
ITEM00293,ORD0393,PROD0284,1,3309.16,33
ITEM00294,ORD0108,PROD0186,5,1072.36,10
ITEM00295,ORD0430,PROD0275,4,4312.64,14
ITEM00296,ORD0149,PROD0411,2,4562.2,21
ITEM00297,ORD0212,PROD0111,5,3693.34,0
ITEM00298,ORD0019,PROD0433,1,3800.1,33
ITEM00299,ORD0053,PROD0257,4,3977.58,2
ITEM00300,ORD0081,PROD0145,3,218.8,40
ITEM00301,ORD0396,PROD0353,2,265.51,47
ITEM00302,ORD0064,PROD0417,4,3310.85,8
ITEM00303,ORD0419,PROD0380,3,4323.72,4
ITEM00304,ORD0038,PROD0259,4,198.76,47
ITEM00305,ORD0426,PROD0278,5,4602.98,6
ITEM00306,ORD0377,PROD0302,4,1051.99,38
ITEM00307,ORD0440,PROD0160,3,2183.25,47
ITEM00308,ORD0012,PROD0155,3,2348.64,6
ITEM00311,ORD0143,PROD0248,3,4547.56,34
ITEM00312,ORD0260,PROD0126,4,184.34,31
ITEM00313,ORD0373,PROD0202,3,3837.23,45
ITEM00314,ORD0056,PROD0232,2,2931.61,1
ITEM00315,ORD0204,PROD0395,2,2290.72,30
ITEM00316,ORD0289,PROD0056,3,1728.93,40
ITEM00317,ORD0500,PROD0043,1,2848.34,13
ITEM00318,ORD0443,PROD0483,4,3007.71,5
ITEM00319,ORD0073,PROD0207,5,4206.54,33
ITEM00320,ORD0371,PROD0430,5,3826.85,3
ITEM00321,ORD0393,PROD0253,3,2118.11,47
ITEM00322,ORD0173,PROD0428,2,278.9,44
ITEM00323,ORD0290,PROD0307,4,4370.0,17
ITEM00324,ORD0354,PROD0108,5,3994.01,34
ITEM00325,ORD0256,PROD0161,2,1677.01,45
ITEM00326,ORD0248,PROD0264,5,4307.4,46
ITEM00327,ORD0042,PROD0472,1,2185.94,4
ITEM00328,ORD0193,PROD0066,1,894.26,47
ITEM00329,ORD0063,PROD0086,2,2244.25,7
ITEM00330,ORD0020,PROD0454,4,2526.4,40
ITEM00331,ORD0412,PROD0269,4,785.34,35
ITEM00332,ORD0215,PROD0205,1,1554.08,27
ITEM00333,ORD0151,PROD0369,3,2660.15,39
ITEM00334,ORD0456,PROD0191,5,3286.08,9
ITEM00335,ORD0149,PROD0268,2,4033.79,45
ITEM00337,ORD0108,PROD0480,3,4642.69,46
ITEM00338,ORD0437,PROD0476,2,904.77,45
ITEM00341,ORD0160,PROD0360,2,1076.41,6
ITEM00342,ORD0276,PROD0235,3,564.1,39
ITEM00343,ORD0240,PROD0305,2,427.18,40
ITEM00344,ORD0287,PROD0453,2,1790.29,0
ITEM00345,ORD0476,PROD0099,3,1492.52,27
ITEM00346,ORD0300,PROD0374,3,1899.65,49
ITEM00347,ORD0207,PROD0479,3,2849.45,41
ITEM00348,ORD0338,PROD0104,1,3003.93,6
ITEM00350,ORD0053,PROD0065,5,2977.85,49
ITEM00351,ORD0197,PROD0170,5,3882.7,37
ITEM00352,ORD0310,PROD0142,5,3375.63,30
ITEM00353,ORD0108,PROD0087,1,3938.49,13
ITEM00354,ORD0047,PROD0476,5,817.81,10
ITEM00355,ORD0244,PROD0448,1,1684.36,3
ITEM00356,ORD0071,PROD0262,4,2184.49,30
ITEM00357,ORD0168,PROD0155,5,3824.04,15
ITEM00358,ORD0287,PROD0202,4,3892.21,45
ITEM00359,ORD0243,PROD0182,3,4209.38,20
ITEM00360,ORD0272,PROD0041,5,4226.74,10
ITEM00361,ORD0485,PROD0325,3,3585.6,27
ITEM00362,ORD0287,PROD0227,4,3505.99,16
ITEM00363,ORD0351,PROD0062,5,4508.83,41
ITEM00364,ORD0179,PROD0092,1,4344.08,29
ITEM00366,ORD0316,PROD0287,2,1974.04,11
ITEM00367,ORD0478,PROD0383,1,1059.6,23
ITEM00369,ORD0049,PROD0467,3,4587.45,32
ITEM00370,ORD0472,PROD0007,5,1437.84,41
ITEM00372,ORD0361,PROD0130,3,3163.83,36
ITEM00373,ORD0422,PROD0016,4,4986.43,40
ITEM00374,ORD0233,PROD0252,2,2419.9,41
ITEM00375,ORD0385,PROD0280,1,287.15,1
ITEM00376,ORD0314,PROD0458,2,3557.63,11
ITEM00377,ORD0446,PROD0436,2,505.84,7
ITEM00378,ORD0029,PROD0228,1,1639.76,34
ITEM00379,ORD0143,PROD0437,2,3310.02,47
ITEM00380,ORD0009,PROD0171,3,4498.91,10
ITEM00381,ORD0464,PROD0301,3,2630.07,42
ITEM00382,ORD0207,PROD0214,1,418.28,48
ITEM00383,ORD0257,PROD0076,3,511.45,28
ITEM00384,ORD0023,PROD0142,5,1073.55,32
ITEM00385,ORD0210,PROD0089,1,1624.71,35
ITEM00386,ORD0180,PROD0061,3,2384.64,44
ITEM00387,ORD0045,PROD0290,4,531.99,5
ITEM00388,ORD0094,PROD0374,1,1009.73,37
ITEM00389,ORD0321,PROD0495,1,3856.94,50
ITEM00390,ORD0006,PROD0112,3,2355.71,46
ITEM00391,ORD0483,PROD0127,3,4202.81,41
ITEM00392,ORD0483,PROD0462,2,3762.3,47
ITEM00394,ORD0092,PROD0143,2,2868.7,26
ITEM00395,ORD0116,PROD0428,2,1436.72,12
ITEM00396,ORD0091,PROD0152,3,3518.03,16
ITEM00398,ORD0396,PROD0329,5,2303.4,40
ITEM00400,ORD0198,PROD0080,5,2886.69,44
ITEM00403,ORD0138,PROD0047,5,3889.7,16
ITEM00404,ORD0112,PROD0240,3,254.1,7
ITEM00405,ORD0265,PROD0338,2,2428.53,29
ITEM00406,ORD0301,PROD0166,3,2862.47,42
ITEM00407,ORD0302,PROD0462,1,1679.62,6
ITEM00408,ORD0323,PROD0184,1,877.88,30
ITEM00409,ORD0172,PROD0173,1,1016.85,22
ITEM00410,ORD0157,PROD0084,4,2779.21,48
ITEM00411,ORD0012,PROD0225,5,2336.58,36
ITEM00412,ORD0356,PROD0223,4,2420.5,15
ITEM00413,ORD0130,PROD0371,3,3044.62,30
ITEM00415,ORD0391,PROD0479,5,628.49,27
ITEM00416,ORD0397,PROD0138,5,2063.68,1
ITEM00418,ORD0495,PROD0358,5,1072.46,36
ITEM00419,ORD0385,PROD0072,2,3350.69,50
ITEM00421,ORD0073,PROD0411,3,2347.7,10
ITEM00422,ORD0236,PROD0001,2,1081.99,11
ITEM00425,ORD0433,PROD0398,3,124.23,10
ITEM00426,ORD0177,PROD0052,4,2794.16,25
ITEM00430,ORD0460,PROD0145,4,3025.0,34
ITEM00431,ORD0037,PROD0178,4,3382.4,37
ITEM00432,ORD0014,PROD0114,5,972.98,15
ITEM00435,ORD0118,PROD0071,4,1021.06,13
ITEM00437,ORD0093,PROD0218,2,1496.32,24
ITEM00438,ORD0346,PROD0421,4,270.65,26
ITEM00439,ORD0092,PROD0084,4,3443.46,6
ITEM00441,ORD0052,PROD0336,4,4037.4,0
ITEM00442,ORD0083,PROD0164,2,2915.94,24
ITEM00444,ORD0206,PROD0217,1,1584.48,16
ITEM00445,ORD0380,PROD0325,1,3057.82,28
ITEM00446,ORD0258,PROD0191,4,3588.92,34
ITEM00447,ORD0498,PROD0187,1,3948.92,27
ITEM00448,ORD0273,PROD0389,4,4364.54,5
ITEM00450,ORD0303,PROD0133,2,2622.99,39
ITEM00451,ORD0373,PROD0447,4,2230.95,29
ITEM00453,ORD0188,PROD0026,5,3463.3,16
ITEM00454,ORD0218,PROD0173,3,3857.49,1
ITEM00455,ORD0278,PROD0137,2,1536.87,26
ITEM00456,ORD0009,PROD0229,3,1558.65,2
ITEM00457,ORD0306,PROD0058,3,3686.33,34
ITEM00458,ORD0379,PROD0203,2,958.64,34
ITEM00459,ORD0049,PROD0065,2,3201.31,27
ITEM00460,ORD0458,PROD0141,3,4862.08,44
ITEM00462,ORD0040,PROD0168,3,287.61,38
ITEM00463,ORD0371,PROD0327,1,1971.37,46
ITEM00465,ORD0095,PROD0487,3,3635.81,47
ITEM00467,ORD0099,PROD0293,3,4975.1,39
ITEM00468,ORD0264,PROD0277,2,3501.86,3
ITEM00469,ORD0192,PROD0294,4,1154.53,27
ITEM00470,ORD0141,PROD0383,2,1456.58,42
ITEM00471,ORD0024,PROD0310,4,4557.76,43
ITEM00473,ORD0401,PROD0213,2,1446.37,29
ITEM00474,ORD0307,PROD0405,3,576.02,14
ITEM00476,ORD0148,PROD0373,5,4152.18,37
ITEM00477,ORD0216,PROD0326,5,1710.88,24
ITEM00478,ORD0244,PROD0477,5,161.58,21
ITEM00479,ORD0164,PROD0178,4,843.72,47
ITEM00480,ORD0256,PROD0108,5,3518.85,43
ITEM00481,ORD0200,PROD0131,4,258.11,36
ITEM00483,ORD0043,PROD0107,5,1909.04,18
ITEM00484,ORD0385,PROD0162,4,3405.06,1
ITEM00485,ORD0080,PROD0320,5,917.0,22
ITEM00486,ORD0290,PROD0221,4,4979.55,1
ITEM00487,ORD0385,PROD0499,3,2826.55,31
ITEM00488,ORD0121,PROD0193,5,745.32,38
ITEM00489,ORD0486,PROD0436,1,575.2,13
ITEM00490,ORD0109,PROD0057,5,1517.81,10
ITEM00491,ORD0393,PROD0399,4,2795.34,22
ITEM00492,ORD0385,PROD0112,4,4512.25,17
ITEM00493,ORD0164,PROD0395,3,3188.35,42
ITEM00495,ORD0201,PROD0116,4,2524.68,29
ITEM00496,ORD0147,PROD0423,4,869.14,11
ITEM00497,ORD0205,PROD0148,1,2710.06,21
ITEM00498,ORD0391,PROD0238,2,3448.42,6
ITEM00499,ORD0197,PROD0298,4,4873.81,26
ITEM00500,ORD0097,PROD0326,1,3132.49,8
ITEM00501,ORD0313,PROD0318,5,4994.66,38
ITEM00502,ORD0293,PROD0375,4,4732.9,20
ITEM00503,ORD0313,PROD0128,2,2889.6,30
ITEM00504,ORD0351,PROD0047,3,211.33,38
ITEM00506,ORD0436,PROD0468,2,2343.07,46
ITEM00507,ORD0448,PROD0123,2,2413.63,45
ITEM00508,ORD0472,PROD0103,3,749.99,4
ITEM00509,ORD0458,PROD0016,2,2930.25,29
ITEM00510,ORD0126,PROD0351,5,2273.9,15
ITEM00511,ORD0408,PROD0091,4,2551.05,7
ITEM00512,ORD0412,PROD0310,3,4373.22,10
ITEM00513,ORD0126,PROD0237,1,133.73,2
ITEM00514,ORD0350,PROD0347,4,4348.61,30
ITEM00515,ORD0442,PROD0198,1,3936.91,16
ITEM00518,ORD0247,PROD0424,1,1535.52,25
ITEM00521,ORD0054,PROD0075,3,3813.91,37
ITEM00522,ORD0386,PROD0406,1,3637.77,23
ITEM00523,ORD0212,PROD0337,3,795.56,15
ITEM00524,ORD0408,PROD0248,2,1396.09,21
ITEM00525,ORD0329,PROD0356,1,2345.39,45
ITEM00526,ORD0252,PROD0386,2,3809.2,21
ITEM00528,ORD0359,PROD0133,5,1448.97,2
ITEM00529,ORD0390,PROD0072,2,2656.72,1
ITEM00530,ORD0114,PROD0451,3,2861.34,45
ITEM00531,ORD0150,PROD0158,2,2881.44,19
ITEM00532,ORD0244,PROD0366,4,3399.07,9
ITEM00533,ORD0381,PROD0413,2,817.98,18
ITEM00534,ORD0440,PROD0197,3,3220.14,1
ITEM00535,ORD0436,PROD0109,5,1584.49,37
ITEM00536,ORD0007,PROD0133,3,3633.58,47
ITEM00537,ORD0446,PROD0265,4,2437.17,10
ITEM00538,ORD0498,PROD0177,2,2976.96,32
ITEM00539,ORD0161,PROD0268,3,1952.1,31
ITEM00540,ORD0332,PROD0087,5,2462.06,30
ITEM00541,ORD0460,PROD0195,1,3376.85,4
ITEM00542,ORD0176,PROD0116,3,1111.5,9
ITEM00543,ORD0143,PROD0312,1,3284.98,22
ITEM00544,ORD0256,PROD0236,5,4572.24,0
ITEM00545,ORD0431,PROD0383,5,4500.86,47
ITEM00546,ORD0104,PROD0187,1,2052.61,6
ITEM00547,ORD0488,PROD0169,5,429.27,35
ITEM00549,ORD0229,PROD0291,5,1315.06,16
ITEM00551,ORD0440,PROD0126,2,3479.22,29
ITEM00552,ORD0091,PROD0021,5,1402.24,17
ITEM00553,ORD0047,PROD0381,2,3693.35,4
ITEM00554,ORD0464,PROD0463,2,2660.53,3
ITEM00555,ORD0107,PROD0117,2,2969.82,37
ITEM00556,ORD0245,PROD0238,1,2730.97,50
ITEM00557,ORD0027,PROD0164,1,1062.49,7
ITEM00558,ORD0227,PROD0043,4,1067.24,34
ITEM00559,ORD0302,PROD0111,5,2487.43,36
ITEM00560,ORD0005,PROD0298,4,4319.58,7
ITEM00562,ORD0302,PROD0413,5,3802.16,0
ITEM00563,ORD0129,PROD0387,4,3046.64,31
ITEM00564,ORD0324,PROD0091,3,2585.74,32
ITEM00565,ORD0146,PROD0488,3,1394.58,34
ITEM00566,ORD0128,PROD0175,3,3421.43,32
ITEM00567,ORD0159,PROD0321,4,646.2,48
ITEM00568,ORD0485,PROD0094,4,131.93,32
ITEM00569,ORD0241,PROD0254,2,976.1,48
ITEM00570,ORD0222,PROD0345,3,563.38,28
ITEM00571,ORD0176,PROD0327,5,4130.53,12
ITEM00573,ORD0157,PROD0164,5,2412.19,43
ITEM00574,ORD0154,PROD0475,5,1130.43,43
ITEM00575,ORD0080,PROD0166,2,1040.33,25
ITEM00576,ORD0403,PROD0088,2,3089.6,10
ITEM00577,ORD0167,PROD0490,5,4907.66,41
ITEM00578,ORD0305,PROD0404,4,3920.8,17
ITEM00579,ORD0118,PROD0478,3,2412.71,19
ITEM00580,ORD0190,PROD0075,3,1735.24,22
ITEM00582,ORD0289,PROD0202,4,127.8,25
ITEM00583,ORD0029,PROD0496,4,1832.7,8
ITEM00584,ORD0500,PROD0234,3,195.45,45
ITEM00585,ORD0104,PROD0107,3,1544.5,23
ITEM00586,ORD0013,PROD0165,4,3975.51,20
ITEM00587,ORD0286,PROD0287,2,4007.63,39
ITEM00588,ORD0258,PROD0226,3,623.49,15
ITEM00589,ORD0083,PROD0167,4,4713.32,37
ITEM00590,ORD0241,PROD0488,1,3928.02,24
ITEM00591,ORD0353,PROD0492,4,1324.25,38
ITEM00592,ORD0301,PROD0193,1,597.06,40
ITEM00593,ORD0176,PROD0142,5,1910.3,18
ITEM00594,ORD0057,PROD0242,2,4416.16,4
ITEM00595,ORD0167,PROD0397,4,4139.12,9
ITEM00596,ORD0302,PROD0154,5,1079.97,5
ITEM00598,ORD0339,PROD0134,5,2702.03,18
ITEM00599,ORD0354,PROD0012,2,3883.29,4
ITEM00600,ORD0446,PROD0403,3,4790.28,23
ITEM00601,ORD0464,PROD0396,4,3761.64,13
ITEM00602,ORD0095,PROD0165,4,1215.64,23
ITEM00603,ORD0171,PROD0102,3,1351.25,47
ITEM00604,ORD0478,PROD0012,2,684.03,26
ITEM00605,ORD0219,PROD0203,4,4010.68,33
ITEM00607,ORD0224,PROD0017,5,4378.1,20
ITEM00609,ORD0325,PROD0035,1,2870.0,35
ITEM00610,ORD0400,PROD0058,5,875.3,32
ITEM00612,ORD0313,PROD0333,2,3784.35,49
ITEM00613,ORD0351,PROD0221,3,2382.0,47
ITEM00614,ORD0078,PROD0334,3,457.83,41
ITEM00615,ORD0295,PROD0174,4,2685.8,44
ITEM00616,ORD0379,PROD0420,4,4458.05,25
ITEM00619,ORD0133,PROD0439,2,2963.44,49
ITEM00620,ORD0168,PROD0273,4,3302.7,12
ITEM00622,ORD0445,PROD0296,2,1025.35,9
ITEM00623,ORD0106,PROD0158,2,594.39,34
ITEM00624,ORD0309,PROD0484,1,3919.37,34
ITEM00625,ORD0179,PROD0489,1,1704.56,20
ITEM00626,ORD0476,PROD0118,2,1088.34,10
ITEM00627,ORD0218,PROD0139,2,4687.88,13
ITEM00628,ORD0396,PROD0182,1,772.83,28
ITEM00629,ORD0064,PROD0428,4,224.58,47
ITEM00631,ORD0225,PROD0205,2,1107.6,24
ITEM00632,ORD0303,PROD0418,1,554.97,11
ITEM00633,ORD0260,PROD0468,5,3650.14,7
ITEM00635,ORD0380,PROD0310,3,3773.44,20
ITEM00637,ORD0185,PROD0245,3,2592.8,29
ITEM00638,ORD0009,PROD0004,4,4036.72,25
ITEM00640,ORD0429,PROD0034,4,4735.11,41
ITEM00641,ORD0154,PROD0118,1,3287.12,24
ITEM00643,ORD0374,PROD0332,3,322.31,15
ITEM00645,ORD0072,PROD0356,4,3835.21,3
ITEM00646,ORD0306,PROD0411,2,4345.09,42
ITEM00647,ORD0151,PROD0191,5,2132.89,10
ITEM00648,ORD0215,PROD0089,2,4687.83,9
ITEM00649,ORD0380,PROD0415,2,1888.83,7
ITEM00650,ORD0403,PROD0084,1,2538.02,19
ITEM00651,ORD0207,PROD0321,3,4554.01,16
ITEM00652,ORD0319,PROD0165,1,3938.02,21
ITEM00653,ORD0015,PROD0456,4,267.69,9
ITEM00655,ORD0307,PROD0370,5,931.73,6
ITEM00656,ORD0008,PROD0179,2,551.41,4
ITEM00657,ORD0058,PROD0496,4,2375.72,26
ITEM00658,ORD0439,PROD0460,5,2258.04,38
ITEM00659,ORD0415,PROD0327,1,1626.01,30
ITEM00660,ORD0461,PROD0463,3,728.17,42
ITEM00661,ORD0277,PROD0188,5,3375.32,6
ITEM00662,ORD0245,PROD0253,5,1061.81,14
ITEM00663,ORD0264,PROD0067,2,1205.2,5
ITEM00664,ORD0381,PROD0049,4,1483.27,39
ITEM00665,ORD0054,PROD0128,2,1328.29,46
ITEM00666,ORD0338,PROD0155,3,3581.26,29
ITEM00667,ORD0343,PROD0303,5,2632.83,17
ITEM00668,ORD0390,PROD0461,2,1706.93,23
ITEM00669,ORD0339,PROD0075,5,3708.41,2
ITEM00670,ORD0383,PROD0464,4,3196.21,50
ITEM00671,ORD0102,PROD0094,1,800.48,2
ITEM00672,ORD0428,PROD0407,2,893.24,20
ITEM00673,ORD0006,PROD0293,4,2470.84,22
ITEM00674,ORD0097,PROD0322,5,2087.72,13
ITEM00675,ORD0233,PROD0319,3,2774.81,7
ITEM00676,ORD0382,PROD0144,5,4627.04,21
ITEM00677,ORD0457,PROD0096,3,1770.82,31
ITEM00678,ORD0396,PROD0282,4,3349.92,42
ITEM00679,ORD0439,PROD0176,5,1388.03,50
ITEM00680,ORD0188,PROD0219,1,4827.29,8
ITEM00681,ORD0049,PROD0117,4,4167.38,7
ITEM00682,ORD0282,PROD0365,3,718.87,22
ITEM00684,ORD0495,PROD0444,5,994.8,32
ITEM00685,ORD0100,PROD0073,2,3901.97,12
ITEM00686,ORD0376,PROD0382,3,2675.32,49
ITEM00687,ORD0078,PROD0289,5,2672.72,34
ITEM00688,ORD0186,PROD0277,2,3499.1,33
ITEM00689,ORD0086,PROD0192,2,590.68,10
ITEM00690,ORD0326,PROD0325,5,1208.66,48
ITEM00691,ORD0367,PROD0078,5,4716.74,39
ITEM00692,ORD0218,PROD0440,2,1464.26,25
ITEM00694,ORD0240,PROD0165,2,3635.58,19
ITEM00695,ORD0001,PROD0039,3,3570.87,42
ITEM00696,ORD0160,PROD0107,5,3010.53,4
ITEM00698,ORD0422,PROD0083,2,2017.07,10
ITEM00700,ORD0428,PROD0180,1,1208.89,17
ITEM00701,ORD0072,PROD0458,4,705.01,47
ITEM00702,ORD0300,PROD0484,2,1108.57,9
ITEM00703,ORD0345,PROD0142,3,152.77,7
ITEM00705,ORD0307,PROD0242,2,3336.07,19
ITEM00706,ORD0421,PROD0064,5,3740.27,29
ITEM00707,ORD0079,PROD0037,3,4388.65,2
ITEM00708,ORD0196,PROD0430,3,652.9,29
ITEM00709,ORD0219,PROD0300,2,4393.59,44
ITEM00710,ORD0444,PROD0407,4,3816.45,14
ITEM00711,ORD0268,PROD0053,1,4988.27,38
ITEM00714,ORD0054,PROD0443,3,4227.39,46
ITEM00715,ORD0142,PROD0464,3,3237.3,21
ITEM00716,ORD0215,PROD0342,3,4917.12,5
ITEM00717,ORD0007,PROD0052,4,1289.45,31
ITEM00719,ORD0400,PROD0424,4,2847.29,36
ITEM00720,ORD0193,PROD0311,5,4364.93,42
ITEM00721,ORD0196,PROD0022,5,628.21,50
ITEM00722,ORD0330,PROD0489,1,2920.57,7
ITEM00723,ORD0495,PROD0392,2,1867.43,43
ITEM00724,ORD0364,PROD0463,5,2166.96,25
ITEM00725,ORD0368,PROD0382,1,1801.79,50
ITEM00726,ORD0226,PROD0437,4,2909.39,33
ITEM00727,ORD0020,PROD0482,4,4084.49,40
ITEM00728,ORD0382,PROD0399,4,3378.43,1
ITEM00729,ORD0111,PROD0291,2,218.31,21
ITEM00730,ORD0051,PROD0150,4,4029.29,46
ITEM00731,ORD0234,PROD0435,3,1857.09,43
ITEM00732,ORD0177,PROD0181,2,1455.5,50
ITEM00733,ORD0025,PROD0167,4,3525.61,40
ITEM00734,ORD0135,PROD0394,2,1125.97,49
ITEM00735,ORD0443,PROD0281,3,3729.45,48
ITEM00736,ORD0179,PROD0400,2,4239.13,5
ITEM00737,ORD0171,PROD0181,5,2737.35,14
ITEM00738,ORD0163,PROD0425,3,596.36,46
ITEM00739,ORD0047,PROD0328,4,1633.33,31
ITEM00740,ORD0328,PROD0096,4,1090.53,45
ITEM00741,ORD0249,PROD0180,3,4048.9,23
ITEM00743,ORD0098,PROD0298,3,4553.27,44
ITEM00744,ORD0329,PROD0287,3,3808.18,34
ITEM00745,ORD0092,PROD0204,5,3508.62,12
ITEM00747,ORD0208,PROD0437,3,814.25,21
ITEM00749,ORD0054,PROD0433,3,3105.76,5
ITEM00750,ORD0166,PROD0116,4,4148.06,15
ITEM00752,ORD0427,PROD0356,2,1302.22,14
ITEM00753,ORD0226,PROD0332,2,812.35,18
ITEM00755,ORD0430,PROD0225,4,2825.98,36
ITEM00756,ORD0099,PROD0212,2,4254.73,37
ITEM00757,ORD0205,PROD0322,5,4454.16,24
ITEM00758,ORD0383,PROD0134,3,4036.79,16
ITEM00759,ORD0221,PROD0190,3,4510.26,15
ITEM00760,ORD0164,PROD0277,3,477.5,44
ITEM00762,ORD0066,PROD0050,5,3570.93,34
ITEM00763,ORD0161,PROD0054,5,1216.34,22
ITEM00764,ORD0368,PROD0360,5,4123.28,14
ITEM00765,ORD0239,PROD0138,5,4199.41,29
ITEM00767,ORD0489,PROD0088,1,2843.8,35
ITEM00768,ORD0333,PROD0030,3,2435.47,45
ITEM00770,ORD0142,PROD0292,3,4742.02,46
ITEM00771,ORD0015,PROD0366,5,2504.97,45
ITEM00772,ORD0392,PROD0483,2,4932.41,13
ITEM00773,ORD0339,PROD0232,3,2738.14,43
ITEM00776,ORD0301,PROD0162,1,4857.35,3
ITEM00777,ORD0365,PROD0387,3,2978.49,49
ITEM00778,ORD0037,PROD0315,1,2695.88,46
ITEM00779,ORD0083,PROD0376,2,1319.12,38
ITEM00780,ORD0397,PROD0389,2,4195.12,1
ITEM00781,ORD0333,PROD0476,4,3670.47,21
ITEM00782,ORD0046,PROD0049,4,2912.61,43
ITEM00783,ORD0199,PROD0413,4,1968.32,30
ITEM00784,ORD0071,PROD0434,3,996.65,19
ITEM00785,ORD0182,PROD0091,4,4407.42,31
ITEM00786,ORD0047,PROD0095,3,2067.0,14
ITEM00787,ORD0180,PROD0332,1,1764.63,48
ITEM00788,ORD0049,PROD0269,3,199.96,38
ITEM00789,ORD0032,PROD0286,1,3445.28,6
ITEM00790,ORD0087,PROD0001,5,161.63,20
ITEM00791,ORD0197,PROD0157,1,4020.19,36
ITEM00792,ORD0289,PROD0192,1,4782.99,12
ITEM00793,ORD0326,PROD0318,4,990.75,13
ITEM00794,ORD0500,PROD0177,1,4373.28,9
ITEM00795,ORD0308,PROD0192,5,966.95,28
ITEM00797,ORD0016,PROD0319,1,4682.94,50
ITEM00799,ORD0179,PROD0350,2,2991.52,10
ITEM00800,ORD0461,PROD0052,4,1046.48,9
ITEM00801,ORD0314,PROD0472,3,4695.31,42
ITEM00803,ORD0343,PROD0284,1,1757.89,23
ITEM00804,ORD0073,PROD0123,4,1022.87,25
ITEM00806,ORD0416,PROD0432,5,584.02,33
ITEM00807,ORD0047,PROD0340,3,4568.15,36
ITEM00808,ORD0295,PROD0360,5,2656.2,48
ITEM00809,ORD0280,PROD0330,2,1484.55,8
ITEM00810,ORD0230,PROD0391,2,1535.5,40
ITEM00811,ORD0219,PROD0207,4,1947.63,31
ITEM00812,ORD0013,PROD0252,1,1675.42,30
ITEM00813,ORD0313,PROD0200,3,2538.31,50
ITEM00815,ORD0097,PROD0485,1,1604.89,37
ITEM00816,ORD0383,PROD0461,5,2759.66,41
ITEM00817,ORD0161,PROD0379,1,2718.03,3
ITEM00818,ORD0495,PROD0156,4,1022.37,34
ITEM00819,ORD0027,PROD0422,4,3718.85,33
ITEM00820,ORD0435,PROD0092,5,1917.04,44
ITEM00821,ORD0023,PROD0467,2,583.39,11
ITEM00822,ORD0457,PROD0114,3,457.52,13
ITEM00823,ORD0254,PROD0106,5,3238.06,0
ITEM00824,ORD0024,PROD0473,4,1109.55,44
ITEM00825,ORD0060,PROD0474,3,123.22,15
ITEM00826,ORD0338,PROD0417,3,4923.57,24
ITEM00827,ORD0424,PROD0117,3,4596.16,25
ITEM00828,ORD0023,PROD0080,2,3033.88,39
ITEM00830,ORD0443,PROD0462,3,1103.89,41
ITEM00833,ORD0419,PROD0399,4,1341.78,0
ITEM00834,ORD0321,PROD0355,4,304.82,49
ITEM00835,ORD0230,PROD0066,2,445.57,7
ITEM00837,ORD0168,PROD0086,3,4781.05,45
ITEM00838,ORD0477,PROD0356,4,1495.55,18
ITEM00839,ORD0146,PROD0439,5,1381.35,48
ITEM00840,ORD0062,PROD0203,2,4756.02,35
ITEM00842,ORD0241,PROD0246,1,645.89,2
ITEM00843,ORD0427,PROD0199,2,509.68,44
ITEM00844,ORD0413,PROD0035,2,2236.15,23
ITEM00845,ORD0225,PROD0379,2,2265.92,49
ITEM00846,ORD0022,PROD0340,5,3857.27,12
ITEM00847,ORD0394,PROD0108,3,314.41,0
ITEM00848,ORD0486,PROD0079,3,4311.49,16
ITEM00849,ORD0472,PROD0090,3,2363.97,41
ITEM00850,ORD0029,PROD0201,4,850.18,18
ITEM00851,ORD0259,PROD0033,2,1001.42,12
ITEM00852,ORD0172,PROD0337,4,224.02,28
ITEM00853,ORD0036,PROD0432,2,3048.13,18
ITEM00854,ORD0286,PROD0083,2,2780.9,20
ITEM00855,ORD0030,PROD0058,1,2108.63,34
ITEM00856,ORD0009,PROD0317,2,3647.99,20
ITEM00857,ORD0190,PROD0020,2,4517.45,43
ITEM00858,ORD0120,PROD0004,4,116.76,3
ITEM00859,ORD0417,PROD0199,5,686.25,14
ITEM00860,ORD0391,PROD0322,1,2861.83,4
ITEM00861,ORD0011,PROD0333,4,4692.33,41
ITEM00863,ORD0122,PROD0350,4,3101.78,22
ITEM00864,ORD0326,PROD0233,4,4605.19,9
ITEM00866,ORD0327,PROD0375,2,4818.89,24
ITEM00868,ORD0222,PROD0413,3,805.52,29
ITEM00869,ORD0211,PROD0364,5,4273.25,25
ITEM00870,ORD0065,PROD0431,3,1119.69,25
ITEM00871,ORD0216,PROD0453,4,2356.85,28
ITEM00872,ORD0228,PROD0488,4,2371.23,21
ITEM00873,ORD0167,PROD0341,4,752.26,33
ITEM00874,ORD0106,PROD0126,2,3591.69,36
ITEM00875,ORD0100,PROD0486,5,1880.73,29
ITEM00877,ORD0110,PROD0202,2,2404.14,34
ITEM00878,ORD0334,PROD0232,3,4532.91,49
ITEM00879,ORD0446,PROD0320,4,349.34,13
ITEM00880,ORD0173,PROD0283,2,3332.29,33
ITEM00881,ORD0222,PROD0093,4,216.79,13
ITEM00882,ORD0198,PROD0291,2,1439.27,47
ITEM00883,ORD0349,PROD0289,2,3242.07,36
ITEM00884,ORD0401,PROD0411,2,838.35,20
ITEM00885,ORD0240,PROD0126,2,3836.84,31
ITEM00886,ORD0162,PROD0313,5,2699.88,40
ITEM00888,ORD0011,PROD0005,1,1724.39,5
ITEM00892,ORD0244,PROD0174,2,1519.73,6
ITEM00893,ORD0411,PROD0288,2,4514.0,9
ITEM00894,ORD0084,PROD0213,1,2708.3,39
ITEM00895,ORD0210,PROD0082,5,2806.37,30
ITEM00896,ORD0359,PROD0144,2,4883.01,42
ITEM00897,ORD0485,PROD0076,4,575.64,2
ITEM00898,ORD0070,PROD0451,4,2416.78,30
ITEM00899,ORD0088,PROD0393,1,2972.26,23
ITEM00900,ORD0477,PROD0226,5,2902.36,28
ITEM00901,ORD0458,PROD0011,4,4738.36,36
ITEM00902,ORD0177,PROD0454,3,4940.29,23
ITEM00903,ORD0036,PROD0091,2,3157.75,43
ITEM00904,ORD0202,PROD0470,2,643.76,50
ITEM00906,ORD0150,PROD0365,1,1838.09,31
ITEM00907,ORD0009,PROD0319,5,2146.92,10
ITEM00908,ORD0187,PROD0436,3,1040.91,17
ITEM00911,ORD0230,PROD0222,3,298.23,47
ITEM00914,ORD0006,PROD0377,5,194.14,24
ITEM00915,ORD0103,PROD0464,4,1962.08,2
ITEM00916,ORD0356,PROD0345,3,3514.59,21
ITEM00917,ORD0188,PROD0412,5,4282.77,50
ITEM00918,ORD0218,PROD0209,3,748.47,22
ITEM00920,ORD0137,PROD0043,4,4602.0,5
ITEM00921,ORD0413,PROD0342,3,4321.25,7
ITEM00922,ORD0012,PROD0416,2,4050.51,6
ITEM00924,ORD0293,PROD0411,2,3916.5,4
ITEM00925,ORD0005,PROD0371,1,3708.87,21
ITEM00927,ORD0321,PROD0495,4,3191.91,21
ITEM00928,ORD0403,PROD0341,1,3101.57,3
ITEM00929,ORD0361,PROD0072,2,4598.21,5
ITEM00930,ORD0096,PROD0047,1,118.82,50
ITEM00932,ORD0199,PROD0165,5,1043.93,12
ITEM00933,ORD0363,PROD0254,5,3560.74,30
ITEM00934,ORD0148,PROD0375,5,4338.54,3
ITEM00935,ORD0227,PROD0095,5,130.94,11
ITEM00936,ORD0499,PROD0102,3,805.07,34
ITEM00937,ORD0295,PROD0499,2,3529.84,44
ITEM00938,ORD0390,PROD0039,2,1016.54,20
ITEM00939,ORD0388,PROD0117,2,2033.87,37
ITEM00941,ORD0112,PROD0219,3,4139.9,47
ITEM00942,ORD0124,PROD0272,1,3308.73,43
ITEM00943,ORD0129,PROD0145,2,416.8,4
ITEM00944,ORD0253,PROD0177,1,3137.24,27
ITEM00946,ORD0346,PROD0046,3,2981.88,23
ITEM00947,ORD0358,PROD0349,5,3423.16,4
ITEM00948,ORD0292,PROD0135,3,2308.86,47
ITEM00949,ORD0416,PROD0246,3,2548.51,48
ITEM00950,ORD0251,PROD0161,5,4995.58,12
ITEM00951,ORD0117,PROD0301,2,309.23,22
ITEM00952,ORD0210,PROD0239,4,1689.4,50
ITEM00954,ORD0232,PROD0079,2,3715.51,24
ITEM00955,ORD0215,PROD0487,1,4379.47,50
ITEM00956,ORD0163,PROD0196,2,2057.15,0
ITEM00958,ORD0112,PROD0049,1,2017.33,9
ITEM00959,ORD0139,PROD0173,2,206.24,25
ITEM00960,ORD0082,PROD0156,5,1460.58,12
ITEM00961,ORD0250,PROD0311,4,2221.0,10
ITEM00962,ORD0250,PROD0497,1,1831.51,6
ITEM00963,ORD0035,PROD0488,3,3559.52,38
ITEM00964,ORD0149,PROD0073,2,2641.94,31
ITEM00965,ORD0412,PROD0111,4,2503.48,19
ITEM00966,ORD0324,PROD0082,3,3189.25,43
ITEM00968,ORD0272,PROD0145,3,3651.31,44
ITEM00969,ORD0443,PROD0066,3,2870.11,30
ITEM00970,ORD0033,PROD0010,4,1913.04,15
ITEM00971,ORD0108,PROD0484,3,3472.58,20
ITEM00972,ORD0325,PROD0469,4,3955.35,35
ITEM00973,ORD0175,PROD0296,3,3521.81,8
ITEM00974,ORD0495,PROD0165,5,4858.56,14
ITEM00975,ORD0363,PROD0304,5,1261.39,15
ITEM00976,ORD0251,PROD0289,4,4463.73,20
ITEM00977,ORD0262,PROD0451,1,1982.3,9
ITEM00978,ORD0320,PROD0165,1,2693.25,29
ITEM00981,ORD0435,PROD0399,1,2421.36,14
ITEM00982,ORD0325,PROD0002,3,1845.23,39
ITEM00983,ORD0248,PROD0288,2,3940.05,20
ITEM00984,ORD0249,PROD0161,5,4427.75,12
ITEM00986,ORD0310,PROD0062,3,3693.76,47
ITEM00987,ORD0454,PROD0100,5,4014.36,18
ITEM00988,ORD0128,PROD0405,4,2172.66,0
ITEM00990,ORD0015,PROD0334,4,485.68,29
ITEM00991,ORD0398,PROD0466,2,2288.76,24
ITEM00992,ORD0285,PROD0081,5,2276.28,20
ITEM00993,ORD0056,PROD0480,3,2334.12,12
ITEM00995,ORD0066,PROD0166,1,707.18,20
ITEM00997,ORD0193,PROD0282,1,3181.56,41
ITEM00998,ORD0166,PROD0203,2,1700.39,48
ITEM00999,ORD0018,PROD0330,3,1687.67,48
ITEM01000,ORD0292,PROD0021,5,373.71,45
ITEM01001,ORD0366,PROD0068,4,413.0,4
ITEM01002,ORD0072,PROD0078,1,2661.62,45
ITEM01003,ORD0121,PROD0048,3,4864.37,21
ITEM01004,ORD0042,PROD0212,3,3779.17,31
ITEM01005,ORD0206,PROD0280,1,2670.93,41
ITEM01006,ORD0405,PROD0203,2,2785.68,5
ITEM01007,ORD0417,PROD0107,4,879.4,48
ITEM01008,ORD0467,PROD0445,3,1214.24,3
ITEM01009,ORD0331,PROD0350,5,218.7,41
ITEM01010,ORD0432,PROD0358,2,2445.6,2
ITEM01011,ORD0113,PROD0389,2,4754.83,8
ITEM01012,ORD0257,PROD0164,3,1998.87,40
ITEM01013,ORD0344,PROD0203,1,2600.21,18
ITEM01014,ORD0253,PROD0013,4,2795.15,2
ITEM01015,ORD0103,PROD0302,1,1123.3,37
ITEM01016,ORD0252,PROD0004,3,3538.94,37
ITEM01017,ORD0452,PROD0189,5,4503.04,10
ITEM01018,ORD0204,PROD0109,2,2727.53,40
ITEM01019,ORD0382,PROD0319,3,1401.67,23
ITEM01020,ORD0262,PROD0199,2,4190.63,48
ITEM01021,ORD0312,PROD0132,3,1059.28,16
ITEM01023,ORD0309,PROD0496,5,3873.08,13
ITEM01024,ORD0095,PROD0058,1,1998.52,6
ITEM01025,ORD0381,PROD0478,2,1080.7,36
ITEM01026,ORD0377,PROD0383,3,4181.36,43
ITEM01028,ORD0238,PROD0028,2,2877.55,16
ITEM01029,ORD0112,PROD0262,1,1618.52,13
ITEM01031,ORD0199,PROD0369,3,2343.63,25
ITEM01033,ORD0288,PROD0306,3,3995.52,42
ITEM01034,ORD0439,PROD0481,2,480.6,6
ITEM01036,ORD0485,PROD0141,1,1586.89,24
ITEM01037,ORD0374,PROD0291,2,576.44,23
ITEM01038,ORD0111,PROD0331,2,4857.61,47
ITEM01040,ORD0012,PROD0153,1,4502.76,19
ITEM01041,ORD0073,PROD0135,4,4657.62,13
ITEM01043,ORD0090,PROD0008,1,521.87,15
ITEM01044,ORD0234,PROD0446,5,3505.1,17
ITEM01045,ORD0139,PROD0012,5,2450.65,46
ITEM01046,ORD0355,PROD0079,2,419.27,43
ITEM01047,ORD0194,PROD0016,1,2537.37,29
ITEM01048,ORD0212,PROD0090,1,2926.13,2
ITEM01049,ORD0337,PROD0033,3,3578.52,46
ITEM01050,ORD0246,PROD0104,3,219.62,17
ITEM01051,ORD0494,PROD0447,2,1250.61,28
ITEM01052,ORD0415,PROD0001,1,4380.25,27
ITEM01053,ORD0287,PROD0488,4,3980.62,45
ITEM01054,ORD0435,PROD0381,1,1503.93,5
ITEM01055,ORD0307,PROD0189,4,4121.5,34
ITEM01056,ORD0084,PROD0192,3,3658.37,34
ITEM01057,ORD0075,PROD0165,3,2094.31,37
ITEM01058,ORD0206,PROD0191,4,4919.21,49
ITEM01059,ORD0150,PROD0076,4,3410.98,26
ITEM01060,ORD0185,PROD0493,4,523.58,16
ITEM01061,ORD0454,PROD0071,3,4631.12,41
ITEM01062,ORD0239,PROD0231,5,4322.82,10
ITEM01063,ORD0456,PROD0022,3,2581.13,40
ITEM01065,ORD0082,PROD0436,5,783.65,50
ITEM01066,ORD0106,PROD0423,4,500.54,26
ITEM01068,ORD0054,PROD0295,1,1348.11,35
ITEM01069,ORD0341,PROD0483,2,3724.59,43
ITEM01070,ORD0364,PROD0404,3,2496.98,20
ITEM01073,ORD0384,PROD0209,1,1206.49,41
ITEM01074,ORD0233,PROD0080,2,3609.39,50
ITEM01075,ORD0497,PROD0259,1,2526.49,4
ITEM01076,ORD0356,PROD0487,3,1284.98,25
ITEM01078,ORD0488,PROD0418,2,215.18,1
ITEM01080,ORD0349,PROD0037,1,1341.83,7
ITEM01082,ORD0358,PROD0306,3,1781.53,23
ITEM01083,ORD0107,PROD0156,4,3134.36,30
ITEM01084,ORD0326,PROD0315,5,305.19,31
ITEM01085,ORD0017,PROD0256,3,1822.34,16
ITEM01087,ORD0051,PROD0217,5,3139.14,22
ITEM01088,ORD0486,PROD0498,4,4973.73,24
ITEM01089,ORD0020,PROD0493,4,3819.34,5
ITEM01090,ORD0244,PROD0130,5,551.04,15
ITEM01091,ORD0371,PROD0426,1,2327.96,47
ITEM01092,ORD0173,PROD0124,5,4921.6,2
ITEM01093,ORD0166,PROD0159,5,3908.1,28
ITEM01094,ORD0111,PROD0315,4,565.27,43
ITEM01095,ORD0066,PROD0304,1,4684.14,28
ITEM01096,ORD0036,PROD0258,2,2369.58,44
ITEM01097,ORD0290,PROD0199,5,3303.14,3
ITEM01098,ORD0130,PROD0300,1,3521.26,31
ITEM01099,ORD0090,PROD0462,4,1537.61,10
ITEM01100,ORD0021,PROD0149,5,1723.94,7
ITEM01102,ORD0128,PROD0003,4,3901.13,41
ITEM01103,ORD0464,PROD0091,4,314.99,11
ITEM01104,ORD0115,PROD0175,5,4243.14,14
ITEM01105,ORD0366,PROD0228,1,597.53,8
ITEM01107,ORD0255,PROD0188,4,200.63,33
ITEM01108,ORD0460,PROD0356,3,3210.68,6
ITEM01109,ORD0215,PROD0243,1,1466.62,35
ITEM01110,ORD0360,PROD0217,1,419.36,16
ITEM01111,ORD0450,PROD0486,3,2425.67,32
ITEM01112,ORD0471,PROD0125,2,692.95,10
ITEM01113,ORD0045,PROD0293,2,3356.74,28
ITEM01114,ORD0338,PROD0280,3,2831.11,30
ITEM01115,ORD0035,PROD0498,2,2952.39,7
ITEM01116,ORD0287,PROD0021,2,1091.99,19
ITEM01118,ORD0262,PROD0404,1,652.49,42
ITEM01119,ORD0137,PROD0300,5,143.4,8
ITEM01120,ORD0164,PROD0472,2,4316.87,13
ITEM01121,ORD0097,PROD0340,4,2443.55,13
ITEM01122,ORD0051,PROD0089,4,2809.86,40
ITEM01123,ORD0278,PROD0440,1,815.95,8
ITEM01125,ORD0245,PROD0263,1,2874.17,15
ITEM01126,ORD0321,PROD0386,4,4214.88,23
ITEM01127,ORD0481,PROD0116,3,2091.32,48
ITEM01128,ORD0222,PROD0022,3,3925.1,1
ITEM01130,ORD0429,PROD0444,2,3768.18,8
ITEM01131,ORD0246,PROD0315,5,4454.85,41
ITEM01132,ORD0447,PROD0387,2,1282.57,33
ITEM01134,ORD0214,PROD0034,5,515.73,49
ITEM01135,ORD0075,PROD0396,1,1910.65,25
ITEM01136,ORD0144,PROD0238,3,1587.13,34
ITEM01137,ORD0310,PROD0168,3,4291.36,30
ITEM01138,ORD0262,PROD0250,4,3811.35,44
ITEM01139,ORD0302,PROD0356,5,4624.92,38
ITEM01140,ORD0307,PROD0339,5,772.61,21
ITEM01141,ORD0047,PROD0355,4,4878.61,34
ITEM01142,ORD0265,PROD0316,1,1332.81,17
ITEM01143,ORD0479,PROD0139,3,3012.73,14
ITEM01144,ORD0161,PROD0475,3,4545.37,36
ITEM01145,ORD0098,PROD0179,3,1040.05,21
ITEM01146,ORD0266,PROD0347,4,1464.76,38
ITEM01147,ORD0218,PROD0343,2,3864.74,50
ITEM01148,ORD0072,PROD0411,3,1030.83,43
ITEM01149,ORD0186,PROD0365,5,2809.23,13
ITEM01151,ORD0371,PROD0371,3,3229.12,13
ITEM01152,ORD0307,PROD0405,3,997.08,41
ITEM01153,ORD0415,PROD0255,3,1303.61,30
ITEM01154,ORD0368,PROD0139,5,2349.49,21
ITEM01155,ORD0075,PROD0131,5,453.05,7
ITEM01156,ORD0495,PROD0193,5,4920.95,0
ITEM01157,ORD0035,PROD0097,3,4646.25,29
ITEM01158,ORD0479,PROD0282,5,4123.68,32
ITEM01160,ORD0322,PROD0251,5,629.59,27
ITEM01161,ORD0199,PROD0161,1,784.66,7
ITEM01162,ORD0186,PROD0390,1,301.07,4
ITEM01163,ORD0143,PROD0056,5,2722.59,8
ITEM01164,ORD0402,PROD0050,4,1103.97,42
ITEM01165,ORD0291,PROD0031,1,646.02,39
ITEM01167,ORD0113,PROD0317,5,2896.02,17
ITEM01168,ORD0476,PROD0283,3,4219.76,9
ITEM01169,ORD0012,PROD0284,5,1651.92,14
ITEM01170,ORD0088,PROD0413,4,1095.39,39
ITEM01171,ORD0009,PROD0489,2,546.77,47
ITEM01172,ORD0315,PROD0499,3,4066.8,7
ITEM01173,ORD0049,PROD0127,4,1182.77,29
ITEM01174,ORD0313,PROD0085,2,4596.37,17
ITEM01175,ORD0055,PROD0002,2,3388.69,27
ITEM01176,ORD0297,PROD0441,5,4262.99,28
ITEM01177,ORD0110,PROD0119,1,4251.68,26
ITEM01178,ORD0365,PROD0228,4,836.89,24
ITEM01179,ORD0436,PROD0315,4,212.83,48
ITEM01180,ORD0140,PROD0106,4,2239.59,33
ITEM01181,ORD0176,PROD0165,1,2545.26,39
ITEM01182,ORD0199,PROD0430,4,3072.11,23
ITEM01184,ORD0350,PROD0194,2,3961.54,13
ITEM01185,ORD0112,PROD0161,3,2085.0,15
ITEM01186,ORD0367,PROD0149,2,1959.28,30
ITEM01188,ORD0034,PROD0232,1,2005.46,22
ITEM01189,ORD0185,PROD0196,1,2505.69,46
ITEM01192,ORD0246,PROD0081,2,1173.77,37
ITEM01193,ORD0331,PROD0265,5,2701.59,12
ITEM01195,ORD0118,PROD0047,2,552.65,44
ITEM01196,ORD0284,PROD0026,3,488.35,16
ITEM01197,ORD0232,PROD0077,3,794.01,27
ITEM01198,ORD0143,PROD0446,2,1222.53,19
ITEM01199,ORD0086,PROD0267,1,1235.9,5
ITEM01201,ORD0447,PROD0489,2,1512.39,30
ITEM01202,ORD0483,PROD0217,2,1257.6,12
ITEM01203,ORD0309,PROD0365,1,430.17,6
ITEM01204,ORD0138,PROD0419,2,2716.37,49
ITEM01206,ORD0274,PROD0478,2,1303.67,0
ITEM01207,ORD0167,PROD0438,2,3855.11,32
ITEM01208,ORD0417,PROD0011,5,2572.1,3
ITEM01209,ORD0202,PROD0070,2,336.89,9
ITEM01211,ORD0294,PROD0401,3,2365.79,29
ITEM01212,ORD0090,PROD0364,1,3595.81,10
ITEM01213,ORD0328,PROD0311,1,428.66,24
ITEM01214,ORD0070,PROD0001,3,2357.79,31
ITEM01215,ORD0347,PROD0387,4,2796.55,46
ITEM01216,ORD0207,PROD0456,5,2386.44,41
ITEM01217,ORD0483,PROD0267,3,3953.29,36
ITEM01218,ORD0368,PROD0429,4,3782.99,33
ITEM01219,ORD0480,PROD0209,2,2565.45,31
ITEM01220,ORD0065,PROD0413,1,1113.78,38
ITEM01221,ORD0189,PROD0432,3,666.13,26
ITEM01222,ORD0196,PROD0193,3,1930.75,20
ITEM01223,ORD0250,PROD0102,1,1156.3,49
ITEM01224,ORD0327,PROD0385,2,2304.71,37
ITEM01225,ORD0405,PROD0389,2,3280.45,19
ITEM01226,ORD0203,PROD0126,2,180.25,14
ITEM01227,ORD0463,PROD0225,3,2485.2,29
ITEM01228,ORD0365,PROD0239,3,4423.68,29
ITEM01229,ORD0067,PROD0213,1,1302.29,9
ITEM01231,ORD0180,PROD0239,4,4446.53,27
ITEM01232,ORD0040,PROD0307,3,1838.39,32
ITEM01234,ORD0035,PROD0181,3,1048.05,32
ITEM01236,ORD0288,PROD0139,1,220.95,13
ITEM01237,ORD0323,PROD0267,3,218.29,25
ITEM01238,ORD0172,PROD0409,5,2355.43,39
ITEM01239,ORD0168,PROD0146,3,349.49,33
ITEM01241,ORD0391,PROD0264,1,3364.97,35
ITEM01242,ORD0374,PROD0384,5,2579.14,9
ITEM01243,ORD0478,PROD0423,4,1717.75,45
ITEM01244,ORD0226,PROD0375,3,805.36,48
ITEM01245,ORD0469,PROD0101,1,3122.68,17
ITEM01247,ORD0489,PROD0069,2,2150.04,12
ITEM01248,ORD0214,PROD0410,2,2191.87,36
ITEM01249,ORD0131,PROD0470,2,102.78,4
ITEM01251,ORD0403,PROD0034,2,2394.7,10
ITEM01252,ORD0474,PROD0345,4,659.76,42
ITEM01253,ORD0236,PROD0416,3,3122.31,23
ITEM01254,ORD0436,PROD0241,3,2927.51,35
ITEM01255,ORD0456,PROD0462,3,3194.47,20
ITEM01257,ORD0413,PROD0305,2,1208.37,1
ITEM01259,ORD0154,PROD0256,4,351.3,37
ITEM01260,ORD0154,PROD0411,3,621.83,9
ITEM01261,ORD0285,PROD0115,2,4415.66,15
ITEM01262,ORD0238,PROD0464,2,4637.65,44
ITEM01263,ORD0278,PROD0259,3,2121.96,25
ITEM01265,ORD0084,PROD0320,4,4747.61,42
ITEM01266,ORD0034,PROD0397,3,4638.01,3
ITEM01267,ORD0224,PROD0208,4,854.83,30
ITEM01268,ORD0016,PROD0171,3,679.31,15
ITEM01270,ORD0302,PROD0110,4,2207.52,15
ITEM01271,ORD0147,PROD0125,5,4042.19,21
ITEM01272,ORD0082,PROD0307,3,3007.89,5
ITEM01275,ORD0479,PROD0497,2,4960.0,0
ITEM01277,ORD0348,PROD0352,3,3363.69,5
ITEM01278,ORD0021,PROD0085,3,1717.69,2
ITEM01279,ORD0299,PROD0043,1,3110.38,12
ITEM01280,ORD0405,PROD0088,4,4138.54,31
ITEM01281,ORD0056,PROD0137,5,1528.0,33
ITEM01284,ORD0359,PROD0264,1,2532.44,14
ITEM01286,ORD0341,PROD0084,4,4070.33,22
ITEM01287,ORD0488,PROD0261,3,1538.9,45
ITEM01288,ORD0418,PROD0206,4,4054.13,15
ITEM01290,ORD0124,PROD0237,2,3545.85,2
ITEM01292,ORD0056,PROD0230,2,831.7,4
ITEM01293,ORD0145,PROD0395,3,3469.86,37
ITEM01294,ORD0123,PROD0368,4,2233.14,7
ITEM01295,ORD0477,PROD0330,5,3673.96,19
ITEM01296,ORD0480,PROD0364,2,4488.39,41
ITEM01297,ORD0018,PROD0187,2,2014.89,22
ITEM01298,ORD0034,PROD0026,1,4221.49,16
ITEM01299,ORD0200,PROD0096,4,2371.17,25
ITEM01300,ORD0402,PROD0364,3,2303.1,20
ITEM01301,ORD0382,PROD0495,4,3326.18,48
ITEM01302,ORD0291,PROD0445,2,136.45,50
ITEM01305,ORD0123,PROD0263,5,2527.25,17
ITEM01306,ORD0465,PROD0104,2,2147.56,49
ITEM01309,ORD0423,PROD0497,5,1088.39,9
ITEM01310,ORD0171,PROD0349,5,1439.89,25
ITEM01311,ORD0456,PROD0271,5,3101.07,39
ITEM01312,ORD0101,PROD0223,1,2329.27,46
ITEM01313,ORD0303,PROD0281,3,2740.08,48
ITEM01314,ORD0234,PROD0023,3,1729.77,26
ITEM01315,ORD0302,PROD0322,1,2425.14,26
ITEM01316,ORD0476,PROD0238,5,2902.3,20
ITEM01317,ORD0428,PROD0303,2,2301.43,19
ITEM01318,ORD0457,PROD0334,1,4102.01,42
ITEM01319,ORD0464,PROD0297,3,2034.58,0
ITEM01320,ORD0272,PROD0118,1,1186.82,28
ITEM01321,ORD0123,PROD0204,1,2207.05,4
ITEM01322,ORD0411,PROD0412,3,2722.76,34
ITEM01325,ORD0027,PROD0255,5,1145.73,42
ITEM01327,ORD0288,PROD0372,3,968.46,41
ITEM01328,ORD0103,PROD0008,4,490.42,41
ITEM01329,ORD0126,PROD0485,4,201.39,8
ITEM01330,ORD0477,PROD0384,3,928.21,18
ITEM01331,ORD0344,PROD0132,4,893.12,27
ITEM01333,ORD0478,PROD0148,3,4989.64,44
ITEM01335,ORD0448,PROD0063,1,4772.57,4
ITEM01338,ORD0428,PROD0400,5,2379.96,7
ITEM01339,ORD0247,PROD0343,5,1463.67,5
ITEM01340,ORD0183,PROD0404,1,1830.88,24
ITEM01341,ORD0413,PROD0097,5,4730.21,46
ITEM01343,ORD0393,PROD0045,1,895.23,21
ITEM01344,ORD0083,PROD0268,5,1051.44,48
ITEM01345,ORD0324,PROD0180,1,1766.89,24
ITEM01346,ORD0406,PROD0388,4,607.49,32
ITEM01347,ORD0398,PROD0416,4,1140.56,12
ITEM01348,ORD0318,PROD0327,4,3889.97,47
ITEM01349,ORD0358,PROD0035,2,4189.1,49
ITEM01350,ORD0254,PROD0286,4,1997.65,41
ITEM01351,ORD0189,PROD0102,1,278.26,12
ITEM01352,ORD0002,PROD0293,3,183.89,42
ITEM01353,ORD0479,PROD0191,3,2136.12,0
ITEM01354,ORD0497,PROD0162,4,517.6,6
ITEM01355,ORD0305,PROD0267,5,3854.01,37
ITEM01356,ORD0070,PROD0243,4,2812.57,35
ITEM01358,ORD0403,PROD0428,3,1305.58,34
ITEM01359,ORD0421,PROD0218,3,290.8,6
ITEM01360,ORD0029,PROD0481,3,3357.64,8
ITEM01362,ORD0175,PROD0436,4,4908.42,33
ITEM01363,ORD0187,PROD0039,4,1611.09,19
ITEM01365,ORD0095,PROD0365,1,4360.57,33
ITEM01366,ORD0309,PROD0307,1,1876.41,6
ITEM01367,ORD0500,PROD0136,3,1659.73,7
ITEM01368,ORD0094,PROD0296,2,2952.92,5
ITEM01370,ORD0282,PROD0387,5,4573.57,5
ITEM01371,ORD0416,PROD0365,5,4682.53,44
ITEM01372,ORD0280,PROD0153,5,3323.71,6
ITEM01373,ORD0459,PROD0207,1,1628.27,26
ITEM01375,ORD0071,PROD0036,1,4750.02,37
ITEM01376,ORD0003,PROD0055,4,308.37,23
ITEM01377,ORD0208,PROD0278,1,1394.98,37
ITEM01379,ORD0095,PROD0333,5,3533.42,6
ITEM01380,ORD0323,PROD0416,1,2404.55,46
ITEM01381,ORD0363,PROD0065,2,3715.52,43
ITEM01382,ORD0261,PROD0123,4,125.9,33
ITEM01384,ORD0432,PROD0097,4,2783.06,3
ITEM01385,ORD0221,PROD0109,5,3367.72,12
ITEM01386,ORD0423,PROD0271,3,1786.91,25
ITEM01387,ORD0499,PROD0303,4,4562.66,18
ITEM01388,ORD0138,PROD0128,5,4295.09,7
ITEM01390,ORD0001,PROD0059,4,2994.61,47
ITEM01391,ORD0130,PROD0354,2,2925.42,41
ITEM01393,ORD0119,PROD0128,1,3683.14,43
ITEM01394,ORD0203,PROD0069,2,1455.09,7
ITEM01395,ORD0295,PROD0002,2,3614.46,44
ITEM01396,ORD0008,PROD0212,1,1772.65,28
ITEM01398,ORD0211,PROD0194,5,3433.54,28
ITEM01399,ORD0340,PROD0104,2,1113.23,22
ITEM01400,ORD0097,PROD0446,2,2500.58,17
ITEM01401,ORD0224,PROD0026,3,114.98,29
ITEM01402,ORD0082,PROD0032,1,3766.79,33
ITEM01403,ORD0149,PROD0105,4,641.04,18
ITEM01404,ORD0073,PROD0146,3,967.59,49
ITEM01405,ORD0008,PROD0243,5,419.95,29
ITEM01407,ORD0443,PROD0142,4,4821.19,17
ITEM01408,ORD0083,PROD0246,2,2246.83,8
ITEM01409,ORD0009,PROD0400,2,3261.58,24
ITEM01410,ORD0113,PROD0486,5,2597.52,9
ITEM01411,ORD0057,PROD0138,3,2657.94,44
ITEM01412,ORD0051,PROD0140,5,4017.36,47
ITEM01413,ORD0207,PROD0011,1,2879.06,6
ITEM01414,ORD0124,PROD0461,3,1335.28,15
ITEM01415,ORD0388,PROD0491,5,4293.67,36
ITEM01416,ORD0410,PROD0474,5,4616.95,40
ITEM01417,ORD0255,PROD0271,1,830.57,1
ITEM01418,ORD0168,PROD0394,5,2156.66,21
ITEM01419,ORD0001,PROD0247,2,1018.12,46
ITEM01421,ORD0301,PROD0103,4,3382.2,38
ITEM01422,ORD0290,PROD0289,3,570.84,30
ITEM01423,ORD0320,PROD0101,2,1691.1,21
ITEM01424,ORD0183,PROD0242,2,2709.18,31
ITEM01425,ORD0117,PROD0221,5,180.51,4
ITEM01426,ORD0053,PROD0290,2,1233.39,2
ITEM01428,ORD0038,PROD0053,5,2262.28,8
ITEM01429,ORD0114,PROD0378,2,1170.51,6
ITEM01430,ORD0019,PROD0132,1,4599.2,26
ITEM01431,ORD0062,PROD0144,5,4460.03,13
ITEM01434,ORD0481,PROD0390,2,316.44,44
ITEM01435,ORD0142,PROD0278,2,3320.76,44
ITEM01436,ORD0374,PROD0004,4,4103.62,13
ITEM01437,ORD0408,PROD0211,3,590.46,32
ITEM01441,ORD0293,PROD0011,3,1043.47,10
ITEM01442,ORD0120,PROD0378,1,3688.96,12
ITEM01443,ORD0424,PROD0108,2,749.88,29
ITEM01444,ORD0032,PROD0339,4,1205.56,8
ITEM01445,ORD0017,PROD0061,2,1896.55,48
ITEM01447,ORD0079,PROD0353,1,4184.74,10
ITEM01448,ORD0243,PROD0194,1,939.74,2
ITEM01449,ORD0273,PROD0090,4,631.77,48
ITEM01450,ORD0081,PROD0109,1,853.32,6
ITEM01452,ORD0366,PROD0285,5,4754.84,37
ITEM01454,ORD0081,PROD0425,5,2710.95,36
ITEM01455,ORD0111,PROD0489,4,2181.94,39
ITEM01456,ORD0429,PROD0407,4,1467.96,16
ITEM01458,ORD0193,PROD0396,5,2377.86,5
ITEM01459,ORD0448,PROD0298,1,4003.35,8
ITEM01460,ORD0462,PROD0028,2,3711.32,34
ITEM01461,ORD0487,PROD0439,1,2844.32,25
ITEM01462,ORD0466,PROD0333,5,3591.0,8
ITEM01463,ORD0028,PROD0266,2,2741.22,14
ITEM01464,ORD0410,PROD0065,2,4549.21,32
ITEM01465,ORD0440,PROD0311,5,4433.66,15
ITEM01466,ORD0276,PROD0283,1,1761.65,34
ITEM01468,ORD0424,PROD0092,1,2195.83,13
ITEM01469,ORD0072,PROD0412,2,3524.0,5
ITEM01470,ORD0266,PROD0076,5,2267.5,27
ITEM01473,ORD0016,PROD0017,1,3922.23,49
ITEM01474,ORD0341,PROD0354,1,4328.14,46
ITEM01475,ORD0016,PROD0043,3,908.13,47
ITEM01476,ORD0414,PROD0327,5,497.21,44
ITEM01477,ORD0098,PROD0247,1,2251.0,34
ITEM01478,ORD0332,PROD0191,1,3958.58,47
ITEM01480,ORD0161,PROD0195,1,3993.98,32
ITEM01481,ORD0331,PROD0149,3,1377.94,5
ITEM01482,ORD0280,PROD0417,2,3041.71,36
ITEM01484,ORD0040,PROD0078,2,4139.35,18
ITEM01485,ORD0257,PROD0319,1,1639.16,30
ITEM01486,ORD0021,PROD0260,4,2389.83,2
ITEM01487,ORD0307,PROD0026,1,3343.98,15
ITEM01488,ORD0194,PROD0177,3,534.57,46
ITEM01490,ORD0289,PROD0063,2,2123.56,17
ITEM01491,ORD0262,PROD0117,3,1910.87,3
ITEM01493,ORD0374,PROD0022,5,3600.01,40
ITEM01494,ORD0241,PROD0028,4,1118.79,26
ITEM01495,ORD0309,PROD0439,5,2835.49,39
ITEM01496,ORD0182,PROD0403,1,3884.6,49
ITEM01497,ORD0326,PROD0488,5,1005.36,4
ITEM01498,ORD0032,PROD0138,1,4647.88,25
ITEM01499,ORD0130,PROD0428,5,708.9,35
ITEM01500,ORD0469,PROD0271,1,1381.88,46
